epoch,train_accuracy,train_loss,valid_accuracy,valid_loss,lr
1,0.2582781456953642,1.8297628845487321,0.21145374449339208,1.5506716956126008,0.0001
2,0.2582781456953642,1.7586575576237269,0.21145374449339208,1.805031419325505,0.0001
3,0.2582781456953642,1.6374988215310233,0.21145374449339208,2.0481642248346943,0.0001
4,0.2582781456953642,1.6601187671933855,0.21145374449339208,2.2544657637894416,0.0001
5,0.2582781456953642,1.5629570824759347,0.21145374449339208,2.3921380221581146,0.0001
6,0.25938189845474613,1.537272879055568,0.21145374449339208,2.53603763937425,0.0001
7,0.25938189845474613,1.529132570539202,0.21145374449339208,2.6221775977096895,0.0001
8,0.25938189845474613,1.494379690715245,0.21145374449339208,2.753441268652021,0.0001
9,0.26048565121412803,1.5060411180768694,0.21145374449339208,2.8161160210680856,0.0001
