epoch,train_accuracy,train_loss,valid_accuracy,valid_loss,lr
1,0.25275938189845476,1.7802582127707345,0.2422907488986784,1.4605729532661942,0.0001
2,0.25275938189845476,1.7558767284665788,0.2422907488986784,1.6091590857190707,0.0001
3,0.25275938189845476,1.63456506388528,0.2422907488986784,1.8092295257005397,0.0001
4,0.25275938189845476,1.6255353689193726,0.2422907488986784,1.9907272492211296,0.0001
5,0.25275938189845476,1.5943456377301897,0.2422907488986784,2.1299036147836024,0.0001
6,0.25275938189845476,1.544860533305577,0.2422907488986784,2.222618372954986,0.0001
7,0.25386313465783666,1.5089397260120936,0.2422907488986784,2.3669835691410013,0.0001
8,0.25386313465783666,1.4922724621636527,0.2422907488986784,2.4852956717234878,0.0001
9,0.25386313465783666,1.4450363942555018,0.2422907488986784,2.5262761305082213,0.0001
