epoch,train_accuracy,train_loss,valid_accuracy,valid_loss,lr
1,0.2421875,2.6573161482810974,0.28125,1.424289345741272,0.001
2,0.2421875,2.8415924310684204,0.28125,1.7037811279296875,0.001
3,0.2421875,2.2678780555725098,0.28125,2.1003832817077637,0.001
4,0.2421875,1.8485493063926697,0.28125,2.503467082977295,0.001
5,0.2421875,1.8788057565689087,0.28125,2.9594523906707764,0.001
6,0.2421875,1.6254982352256775,0.28125,3.396843194961548,0.001
7,0.2421875,1.4900750517845154,0.28125,3.660351276397705,0.001
8,0.2421875,1.3071058988571167,0.28125,4.051609039306641,0.001
9,0.2421875,1.3074352145195007,0.28125,4.5771870613098145,0.001
