epoch,train_accuracy,train_loss,valid_accuracy,valid_loss,lr
1,0.4392935982339956,10.628249764442444,0.41409691629955947,6.210152424379593,0.01
2,0.4105960264900662,2.582342369215829,0.3744493392070485,3.408026320293611,0.01
3,0.4260485651214128,1.920728291784014,0.40969162995594716,2.653832738094918,0.01
4,0.37748344370860926,2.2339381660733904,0.34801762114537443,3.597040266717583,0.01
5,0.4470198675496689,1.59476118854114,0.3744493392070485,2.0784070612575514,0.01
6,0.44370860927152317,1.3504195043018885,0.4052863436123348,1.7724827701299726,0.01
7,0.40507726269315675,1.4210239563669478,0.3788546255506608,3.5138408129435805,0.01
8,0.3830022075055188,1.4805666037968226,0.3568281938325991,2.9497572062824267,0.01
9,0.39514348785871967,1.3963364192417689,0.3744493392070485,2.9244856288254524,0.01
