epoch,train_accuracy,train_loss,valid_accuracy,valid_loss,lr
1,0.25274043433298865,1.6618574015299479,0.27791563275434245,1.481923792163038,0.0001
2,0.256670113753878,1.583407400449117,0.27543424317617865,1.4948580594374385,0.0001
3,0.26039296794208894,1.508420589764913,0.2638544251447477,1.5671331257342898,0.0001
4,0.2546018614270941,1.4675973558425903,0.2522746071133168,1.7796508075778794,0.0001
5,0.25398138572905893,1.4225310707092285,0.24648469809760132,1.8405807588197063,0.0001
6,0.25398138572905893,1.3852000904083253,0.2522746071133168,1.9047973910277298,0.0001
7,0.2589451913133402,1.2963032690684,0.2630272952853598,2.0734888583397058,0.0001
8,0.2589451913133402,1.2603698341051737,0.26054590570719605,2.08950716301466,0.0001
9,0.26618407445708375,1.2410261599222818,0.261373035566584,2.181854306320399,0.0001
