epoch,train_accuracy,train_loss,valid_accuracy,valid_loss,lr
1,0.2508591065292096,1.695484201113383,0.24398625429553264,2.09323131259774,0.0001
2,0.2508591065292096,1.5581434965133667,0.24398625429553264,2.7459299752802373,0.0001
3,0.25128865979381443,1.563026527563731,0.24398625429553264,2.771575573793392,0.0001
4,0.25128865979381443,1.4574430916044447,0.24398625429553264,2.524976474722636,0.0001
5,0.2504295532646048,1.4341689944267273,0.24398625429553264,2.312497215991987,0.0001
6,0.2504295532646048,1.4313976102405124,0.24398625429553264,2.28885928625913,0.0001
7,0.25171821305841924,1.3981835113631353,0.24398625429553264,2.2976336495573166,0.0001
8,0.2508591065292096,1.3746473259396024,0.2422680412371134,2.466604695697011,0.0001
9,0.25214776632302405,1.3472024069892035,0.24398625429553264,2.324705835879873,0.0001
