epoch,train_accuracy,train_loss,valid_accuracy,valid_loss,lr
1,0.23828125,2.537814036011696,0.3125,1.6908677816390991,0.001
2,0.234375,2.357222765684128,0.3125,2.7773659229278564,0.001
3,0.24609375,1.7153555303812027,0.25,3.840714931488037,0.001
4,0.24609375,1.523332342505455,0.265625,4.802657127380371,0.001
5,0.24609375,1.2490368336439133,0.25,4.122560262680054,0.001
6,0.24609375,1.1007149145007133,0.25,4.183337450027466,0.001
7,0.25,0.9821758568286896,0.25,3.1493505239486694,0.001
8,0.25,0.9542006328701973,0.25,3.7001636028289795,0.001
9,0.28515625,0.9670774415135384,0.25,3.365141749382019,0.001
