epoch,train_accuracy,train_loss,valid_accuracy,valid_loss,lr
1,0.24944812362030905,1.8305700804506029,0.2555066079295154,1.452597861773117,0.0001
2,0.25165562913907286,1.662619024515152,0.2422907488986784,1.9962386601821966,0.0001
3,0.25055187637969095,1.5889773453984941,0.23788546255506607,2.0372668972099404,0.0001
4,0.25165562913907286,1.6057434507778712,0.23788546255506607,2.172381801227116,0.0001
5,0.25165562913907286,1.5205746974263872,0.23788546255506607,2.3711470591339245,0.0001
6,0.25386313465783666,1.4431955516338348,0.23788546255506607,2.617019023139046,0.0001
7,0.25275938189845476,1.4265525341033936,0.23788546255506607,2.873668977342513,0.0001
8,0.25275938189845476,1.4269225639956338,0.23788546255506607,3.165128006283932,0.0001
9,0.2803532008830022,1.366044623511178,0.2511013215859031,3.192626800831194,0.0001
