epoch,train_accuracy,train_loss,valid_accuracy,valid_loss,lr
1,0.24613686534216336,1.6754358666283744,0.2599118942731278,1.6348407137236407,0.0001
2,0.24613686534216336,1.6503160681043352,0.2599118942731278,1.878244511881589,0.0001
3,0.25275938189845476,1.5739943129675729,0.23788546255506607,2.0219144353782554,0.0001
4,0.25386313465783666,1.5831017749650138,0.23788546255506607,2.0743057880107525,0.0001
5,0.2560706401766004,1.532334327697754,0.24669603524229075,2.3202062267563943,0.0001
6,0.2913907284768212,1.5062148230416434,0.2599118942731278,2.241460090691823,0.0001
7,0.31236203090507725,1.470158542905535,0.22026431718061673,2.179776260506214,0.0001
8,0.31346578366445915,1.4177978038787842,0.2290748898678414,2.26919558394848,0.0001
9,0.2891832229580574,1.3894696831703186,0.21585903083700442,2.3499163667535994,0.0001
