epoch,train_accuracy,train_loss,valid_accuracy,valid_loss,lr
1,0.2578125,1.8730706572532654,0.21875,1.4718111753463745,0.0001
2,0.2578125,1.8078936338424683,0.21875,1.509749174118042,0.0001
3,0.2578125,1.700173020362854,0.21875,1.4754765033721924,0.0001
4,0.2578125,1.6601186096668243,0.21875,1.4381178617477417,0.0001
5,0.265625,1.6241120398044586,0.1875,1.4393486976623535,0.0001
6,0.265625,1.6429930329322815,0.1875,1.4831305742263794,0.0001
7,0.265625,1.6417167484760284,0.1875,1.5368973016738892,0.0001
8,0.265625,1.606115311384201,0.1875,1.6022858619689941,0.0001
9,0.265625,1.6023705303668976,0.1875,1.6595419645309448,0.0001
