epoch,train_accuracy,train_loss,valid_accuracy,valid_loss,lr
1,0.3046875,13.393399715423584,0.265625,1.519953727722168,0.01
2,0.25390625,7.0371339321136475,0.1875,10.61741828918457,0.01
3,0.2578125,2.527708351612091,0.234375,16.684968948364258,0.01
4,0.265625,3.0605682134628296,0.234375,17.240215301513672,0.01
5,0.26953125,3.003486752510071,0.1875,24.915790557861328,0.01
6,0.26953125,4.502908825874329,0.1875,21.39093780517578,0.01
7,0.2734375,1.9505820870399475,0.1875,16.721784591674805,0.01
8,0.2734375,2.0538136959075928,0.1875,16.3179988861084,0.01
9,0.265625,5.693174421787262,0.234375,12.376195907592773,0.01
