epoch,train_accuracy,train_loss,valid_accuracy,valid_loss,lr
1,0.24834437086092714,1.7510503104754858,0.2511013215859031,1.7332233736693596,0.0001
2,0.24944812362030905,1.6724666953086853,0.2511013215859031,1.6984722215173529,0.0001
3,0.24944812362030905,1.63840628521783,0.2511013215859031,1.8134099838492104,0.0001
4,0.24944812362030905,1.633763611316681,0.2511013215859031,1.965691867903991,0.0001
5,0.24944812362030905,1.5508642452103751,0.2511013215859031,2.106605488823374,0.0001
6,0.24834437086092714,1.532345942088536,0.2511013215859031,2.2261984904957237,0.0001
7,0.24834437086092714,1.5021414245877946,0.2511013215859031,2.1673602448686102,0.0001
8,0.24834437086092714,1.4624557665416174,0.2511013215859031,2.245715390217987,0.0001
9,0.24724061810154527,1.4394582509994507,0.2511013215859031,2.3104122504263724,0.0001
