epoch,train_accuracy,train_loss,valid_accuracy,valid_loss,lr
1,0.25386313465783666,1.711495075907026,0.23348017621145375,1.9652249140886484,0.0001
2,0.25386313465783666,1.632429029260363,0.23348017621145375,2.4052275266941425,0.0001
3,0.25386313465783666,1.548409525837217,0.23348017621145375,2.4337483019555717,0.0001
4,0.25386313465783666,1.5190073251724243,0.2290748898678414,2.4745020908406126,0.0001
5,0.25386313465783666,1.4318738281726837,0.2290748898678414,2.919784957616865,0.0001
6,0.25386313465783666,1.3868150625910078,0.2290748898678414,3.205084891046196,0.0001
7,0.25386313465783666,1.3798263200691767,0.2290748898678414,3.5107159467520694,0.0001
8,0.25386313465783666,1.3231634965964727,0.2290748898678414,3.5825077006470263,0.0001
9,0.25386313465783666,1.3034965225628443,0.2290748898678414,3.821326638108308,0.0001
