epoch,train_accuracy,train_loss,valid_accuracy,valid_loss,lr
1,0.24061810154525387,1.868616053036281,0.28634361233480177,1.3857561722726024,0.0001
2,0.25275938189845476,1.7071761233466012,0.2599118942731278,1.4295221819226438,0.0001
3,0.24834437086092714,1.683671167918614,0.2555066079295154,1.635668976716533,0.0001
4,0.24834437086092714,1.6599527427128382,0.2555066079295154,1.8968694267819106,0.0001
5,0.24834437086092714,1.5994688272476196,0.2555066079295154,2.085873559708112,0.0001
6,0.24834437086092714,1.536614145551409,0.2555066079295154,2.2776800966472877,0.0001
7,0.24834437086092714,1.5247804777962821,0.2555066079295154,2.4633284381832845,0.0001
8,0.24834437086092714,1.5180340494428362,0.2555066079295154,2.4653527610627566,0.0001
9,0.24834437086092714,1.4743721996034895,0.2555066079295154,2.5639302961626766,0.0001
