epoch,train_accuracy,train_loss,valid_accuracy,valid_loss,lr
1,0.2421875,1.8154873251914978,0.265625,1.4539238214492798,0.0001
2,0.2421875,1.726156234741211,0.265625,1.5253287553787231,0.0001
3,0.25,1.6589527428150177,0.25,1.5607194900512695,0.0001
4,0.25,1.6475414335727692,0.25,1.6037133932113647,0.0001
5,0.25,1.6327411830425262,0.25,1.6505783796310425,0.0001
6,0.25,1.6187629103660583,0.25,1.7109136581420898,0.0001
7,0.25,1.603173851966858,0.25,1.7527440786361694,0.0001
8,0.25390625,1.6765175759792328,0.25,1.8070099353790283,0.0001
9,0.265625,1.65700763463974,0.234375,1.8663430213928223,0.0001
