epoch,train_accuracy,train_loss,valid_accuracy,valid_loss,lr
1,0.25055187637969095,2.413871799196516,0.2422907488986784,2.798995340448119,0.001
2,0.25055187637969095,1.7515408481870378,0.2422907488986784,4.842275146870886,0.001
3,0.25055187637969095,1.4148117474147253,0.2422907488986784,6.461567679165744,0.001
4,0.25055187637969095,1.2243041481290544,0.2422907488986784,8.507448561916267,0.001
5,0.25055187637969095,1.133059288774218,0.2422907488986784,8.716224771239158,0.001
6,0.25055187637969095,1.095638428415571,0.2422907488986784,8.04651345660508,0.001
7,0.25055187637969095,1.0695091230528695,0.2422907488986784,7.48266570683618,0.001
8,0.25055187637969095,0.9653412784848895,0.2422907488986784,6.822257495661664,0.001
9,0.25165562913907286,0.9180953843252999,0.2422907488986784,5.895594138931073,0.001
