epoch,train_accuracy,train_loss,valid_accuracy,valid_loss,lr
1,0.23828125,2.202729493379593,0.296875,24.688024520874023,0.001
2,0.2578125,1.2787347733974457,0.21875,22.524765014648438,0.001
3,0.2578125,0.9773505926132202,0.21875,12.304990768432617,0.001
4,0.23828125,0.7142251133918762,0.296875,18.165355682373047,0.001
5,0.37109375,0.5876723825931549,0.203125,10.229928970336914,0.001
6,0.2578125,0.43078525364398956,0.21875,18.178104400634766,0.001
7,0.2578125,0.35681626200675964,0.296875,10.635784149169922,0.001
8,0.23828125,0.2862784042954445,0.296875,9.59758472442627,0.001
9,0.26171875,0.22508284822106361,0.21875,8.59531307220459,0.001
