epoch,train_accuracy,train_loss,valid_accuracy,valid_loss,lr
1,0.234375,1.9385995268821716,0.265625,4.193000316619873,0.0001
2,0.25390625,1.6925109028816223,0.234375,4.891421318054199,0.0001
3,0.265625,1.587117075920105,0.234375,4.197653770446777,0.0001
4,0.28515625,1.48675337433815,0.234375,3.577148675918579,0.0001
5,0.2578125,1.3842231929302216,0.234375,3.749929189682007,0.0001
6,0.2890625,1.2532335817813873,0.265625,3.197411060333252,0.0001
7,0.359375,1.0673423558473587,0.21875,3.063725471496582,0.0001
8,0.35546875,1.0886664688587189,0.234375,3.245946168899536,0.0001
9,0.39453125,1.0138933211565018,0.21875,3.0950191020965576,0.0001
