epoch,train_accuracy,train_loss,valid_accuracy,valid_loss,lr
1,0.24609375,2.0946472883224487,0.25,3.7068369388580322,0.0001
2,0.265625,1.7169541418552399,0.1875,12.836841583251953,0.0001
3,0.265625,1.5782820880413055,0.1875,15.122030258178711,0.0001
4,0.265625,1.4615298509597778,0.1875,11.094386100769043,0.0001
5,0.265625,1.3859446346759796,0.1875,7.690779209136963,0.0001
6,0.359375,1.216779813170433,0.234375,4.708688259124756,0.0001
7,0.3828125,1.2165074050426483,0.234375,4.076868057250977,0.0001
8,0.265625,1.076951652765274,0.203125,5.473018169403076,0.0001
9,0.265625,1.0970936715602875,0.1875,6.941752910614014,0.0001
