epoch,train_accuracy,train_loss,valid_accuracy,valid_loss,lr
1,0.28125,1.897866666316986,0.171875,5.049882888793945,0.0001
2,0.2734375,1.615581750869751,0.15625,7.450986385345459,0.0001
3,0.2734375,1.630205512046814,0.15625,8.68576717376709,0.0001
4,0.2734375,1.5112199187278748,0.15625,7.776125431060791,0.0001
5,0.2734375,1.4501516222953796,0.15625,6.563016891479492,0.0001
6,0.2734375,1.3289610743522644,0.15625,5.661996364593506,0.0001
7,0.28125,1.284842610359192,0.171875,5.12345027923584,0.0001
8,0.2890625,1.1988636255264282,0.171875,5.262564182281494,0.0001
9,0.31640625,1.1432281136512756,0.171875,5.642648696899414,0.0001
