epoch,train_accuracy,train_loss,valid_accuracy,valid_loss,lr
1,0.23828125,8.962445557117462,0.296875,125.37059020996094,0.01
2,0.24609375,5.989584684371948,0.265625,36.954376220703125,0.01
3,0.25,4.5872642993927,0.25,24.430932998657227,0.01
4,0.25,2.526412606239319,0.25,17.8177547454834,0.01
5,0.25,1.654089331626892,0.25,23.503917694091797,0.01
6,0.25,1.2052256166934967,0.25,34.061771392822266,0.01
7,0.265625,0.8036665618419647,0.265625,40.50808334350586,0.01
8,0.26953125,0.352590948343277,0.265625,40.8256721496582,0.01
9,0.25,0.2267511934041977,0.25,39.21095657348633,0.01
