epoch,train_accuracy,train_loss,valid_accuracy,valid_loss,lr
1,0.48515842134519177,4.9940183650556405,0.47710093374833257,3.502725540346016,0.01
2,0.3924402445803224,2.54384007212106,0.3721654068474878,6.178401416754818,0.01
3,0.33040578098943857,1.3485095500946045,0.30057803468208094,7.612502710402621,0.01
4,0.3904391328515842,0.9780605615670146,0.38995108937305467,3.5861470812742,0.01
5,0.3614230127848805,0.8659944803689298,0.3414851044908848,13.80248956438593,0.01
6,0.4384658143413007,0.8121037655029433,0.3917296576256114,4.08360671276196,0.01
7,0.4065591995553085,0.8254491088653374,0.4001778568252557,3.579929690193526,0.01
8,0.25403001667593106,0.8280723717501155,0.2530013339261894,28.169274832630965,0.01
9,0.2535853251806559,0.7875848196155236,0.24811027123165852,23.84495561819386,0.01
